Rk,Team,Conf,W-L,NetRtg,ORtg,DRtg,AdjT,Luck,NetRtg_SoS,ORtg_SoS,DRtg_SoS,NetRtg_NCOS
1,Louisville,Amer,31-6,+30.41,118.9,88.5,67.2,-.045,+4.31,107.0,102.7,-4.65
2,Arizona,P12,33-5,+30.11,116.5,86.4,62.8,+.014,+9.30,109.9,100.6,+1.62
3,Florida,SEC,36-3,+28.57,116.5,88.0,61.3,+.053,+9.02,109.4,100.4,+2.39
4,Virginia,ACC,30-7,+26.46,114.8,88.3,59.5,+.012,+8.67,109.4,100.8,+1.57
5,Wisconsin,B10,30-8,+25.89,122.0,96.1,62.4,+.019,+11.44,110.2,98.8,+3.33
6,Wichita St.,MVC,35-1,+25.36,117.8,92.4,63.5,-.009,+1.04,105.8,104.8,+2.89
7,Kansas,B12,25-10,+24.60,119.3,94.7,66.6,-.051,+12.13,112.2,100.0,+9.47
8,Duke,ACC,26-9,+24.25,124.7,100.4,64.6,-.035,+8.76,109.2,100.5,+2.40
9,Michigan St.,B10,29-9,+23.92,118.6,94.7,64.4,-.003,+10.44,110.2,99.7,+0.57
10,Tennessee,SEC,24-13,+23.69,117.9,94.2,61.6,-.099,+8.12,108.9,100.8,+1.46
11,Villanova,BE,29-5,+23.68,116.3,92.6,66.0,+.075,+7.47,110.1,102.6,+2.61
12,Michigan,B10,28-9,+23.44,123.9,100.5,61.0,+.047,+11.65,110.3,98.6,+0.62
13,Kentucky,SEC,29-11,+22.55,118.3,95.8,64.0,-.025,+10.73,110.5,99.8,+4.19
14,UCLA,P12,28-9,+22.53,118.7,96.1,68.4,-.019,+7.63,109.1,101.5,-3.26
15,Connecticut,Amer,32-8,+22.13,113.6,91.5,63.2,+.080,+9.43,109.7,100.3,+0.91
16,Pittsburgh,ACC,26-10,+21.89,116.9,95.0,62.2,-.038,+7.62,108.0,100.4,-3.66
17,Creighton,BE,27-8,+21.72,124.2,102.5,63.6,+.024,+7.50,108.5,101.0,+1.31
18,Syracuse,ACC,28-6,+21.62,114.6,93.0,59.6,+.016,+7.23,109.4,102.2,-1.01
19,Ohio St.,B10,25-10,+21.30,109.3,88.0,64.0,-.043,+7.80,109.2,101.4,-3.36
20,Iowa St.,B12,28-8,+21.07,118.9,97.8,70.2,+.064,+10.77,111.1,100.4,+1.44
21,Oklahoma St.,B12,21-13,+20.98,115.9,95.0,67.2,-.110,+9.06,109.9,100.8,-1.15
22,Iowa,B10,20-13,+20.44,120.2,99.8,68.6,-.116,+8.35,108.6,100.2,-6.19
23,San Diego St.,MWC,31-5,+20.38,110.4,90.0,62.3,+.067,+5.18,108.0,102.8,+2.71
24,Gonzaga,WCC,29-7,+20.14,114.0,93.8,65.0,+.016,+5.05,109.0,103.9,+2.20
25,VCU,A10,26-9,+19.80,109.2,89.4,68.9,-.058,+5.45,107.4,102.0,+1.33
26,Baylor,B12,26-12,+19.39,118.9,99.5,61.3,+.012,+10.31,111.0,100.6,-0.36
27,Cincinnati,Amer,27-7,+19.24,109.7,90.4,61.1,+.036,+4.72,107.3,102.6,-4.57
28,Oregon,P12,24-10,+19.02,118.9,99.9,67.5,-.037,+7.39,109.1,101.8,-1.18
29,North Carolina,ACC,24-10,+18.44,112.6,94.2,69.2,+.000,+8.83,110.5,101.6,+1.31
30,Oklahoma,B12,23-10,+17.90,117.9,100.0,69.6,-.022,+9.13,110.2,101.0,+0.50
31,SMU,Amer,27-10,+17.66,111.3,93.7,64.5,-.043,+4.03,106.3,102.2,-5.22
32,Harvard,Ivy,27-5,+17.58,112.9,95.3,64.1,+.020,+0.13,104.5,104.3,+0.98
33,New Mexico,MWC,27-7,+17.15,113.5,96.3,64.4,+.032,+4.83,107.7,102.9,+3.24
34,Stanford,P12,23-13,+16.06,112.4,96.4,65.3,+.016,+9.42,110.2,100.7,+2.34
35,Saint Louis,A10,27-7,+15.72,105.7,90.0,65.6,+.040,+5.04,107.2,102.2,-1.50
36,Memphis,Amer,24-10,+15.22,112.4,97.1,67.5,+.048,+7.25,108.3,101.1,+0.02
37,Louisiana Tech,CUSA,29-8,+15.10,110.4,95.3,69.6,+.002,-1.67,103.5,105.2,-4.21
38,Florida St.,ACC,22-14,+14.86,112.2,97.4,65.2,-.005,+9.31,109.4,100.1,+2.05
39,Arizona St.,P12,21-12,+14.82,111.2,96.4,67.4,+.003,+7.50,108.6,101.1,-2.60
40,Utah,P12,21-12,+14.81,110.7,95.9,63.6,-.052,+5.51,107.8,102.3,-11.55
Rk,Team,Conf,W-L,NetRtg,ORtg,DRtg,AdjT,Luck,NetRtg,ORtg,DRtg,NetRtg
41,Texas,B12,24-11,+14.52,111.8,97.3,66.8,+.092,+9.61,110.9,101.3,-1.74
42,Dayton,A10,26-11,+14.25,113.8,99.6,63.8,+.038,+6.25,107.7,101.4,-0.57
43,Maryland,ACC,17-15,+14.20,109.4,95.2,67.4,-.074,+8.65,109.0,100.4,+2.03
44,Arkansas,SEC,22-12,+14.14,111.1,96.9,70.7,-.033,+5.04,107.5,102.5,-5.18
45,Kansas St.,B12,20-13,+14.10,107.8,93.7,63.3,+.001,+8.17,110.5,102.3,-4.06
46,Minnesota,B10,25-13,+13.93,113.8,99.9,63.3,+.044,+8.28,108.9,100.7,-3.49
47,George Washington,A10,24-9,+13.82,110.8,97.0,65.3,+.056,+5.56,107.3,101.7,-0.08
48,Providence,BE,23-12,+13.81,114.6,100.8,62.9,+.051,+8.35,109.2,100.8,+0.81
49,BYU,WCC,23-12,+13.77,114.5,100.7,70.8,-.004,+6.59,109.6,103.0,+8.43
50,Massachusetts,A10,24-9,+13.46,110.0,96.5,70.3,+.065,+7.33,108.0,100.6,+5.53
51,Clemson,ACC,23-13,+13.35,107.1,93.7,58.7,+.008,+5.98,108.5,102.6,-6.67
52,Xavier,BE,21-13,+13.11,112.9,99.8,64.2,+.017,+7.89,109.1,101.2,+0.41
53,Illinois,B10,20-15,+13.10,106.5,93.4,61.2,+.007,+9.40,109.8,100.4,-3.73
54,St. John's,BE,20-13,+13.10,108.5,95.4,66.6,-.046,+5.32,108.7,103.3,-3.04
55,Saint Joseph's,A10,24-10,+12.93,112.3,99.4,64.3,+.079,+6.18,107.5,101.3,+0.17
56,Nebraska,B10,19-13,+12.64,108.8,96.1,64.7,+.047,+9.30,108.4,99.1,-1.95
57,Georgetown,BE,18-15,+12.39,113.0,100.6,63.3,-.023,+8.32,109.8,101.5,+2.53
58,West Virginia,B12,17-16,+12.29,115.5,103.2,66.3,-.066,+8.80,110.3,101.5,-2.82
59,LSU,SEC,20-14,+12.12,110.7,98.5,68.6,-.010,+7.22,107.9,100.7,-2.10
60,California,P12,21-14,+12.00,111.7,99.7,64.6,+.016,+7.57,109.0,101.5,-0.27
61,North Dakota St.,Sum,26-7,+11.76,115.5,103.7,62.3,+.089,+1.38,106.8,105.4,+5.32
62,N.C. State,ACC,22-14,+11.60,114.0,102.4,64.7,+.065,+7.77,108.4,100.7,-4.31
63,Indiana,B10,17-15,+11.55,107.8,96.2,67.1,-.069,+7.01,108.8,101.8,-8.47
64,Southern Miss,CUSA,29-7,+11.51,110.9,99.4,62.9,+.103,+0.13,104.4,104.3,-0.66
65,Saint Mary's,WCC,23-12,+11.39,112.6,101.2,61.4,+.013,+3.87,108.1,104.2,-0.69
66,Georgia St.,SB,25-9,+11.28,115.6,104.3,64.3,-.025,-2.18,103.5,105.7,-0.58
67,Colorado,P12,23-12,+11.20,107.7,96.5,64.8,+.120,+8.74,109.5,100.8,+1.71
68,Marquette,BE,17-15,+11.05,109.7,98.6,64.5,-.051,+7.74,109.0,101.2,-1.39
69,Missouri,SEC,23-12,+10.84,114.1,103.2,64.8,+.062,+6.06,107.5,101.4,-1.15
70,Stephen F. Austin,Slnd,32-3,+10.83,112.3,101.5,61.2,+.073,-7.12,102.0,109.2,-4.19
71,Green Bay,Horz,24-7,+10.77,108.7,98.0,65.5,+.037,+0.11,104.7,104.6,+3.19
72,New Mexico St.,WAC,26-10,+10.54,112.9,102.4,65.2,-.030,-3.64,103.0,106.7,+2.60
73,Boise St.,MWC,21-13,+10.53,114.6,104.1,63.9,-.056,+3.28,107.0,103.7,+0.38
74,Manhattan,MAAC,25-8,+10.21,107.2,97.0,67.7,-.008,-0.20,105.6,105.8,+3.46
75,Vermont,AE,22-11,+10.16,109.9,99.7,62.1,-.064,-3.91,101.8,105.7,+7.39
76,Iona,MAAC,22-11,+10.14,118.6,108.5,68.6,-.024,+0.89,105.5,104.6,+8.19
77,Miami FL,ACC,17-16,+9.88,109.2,99.3,57.0,-.045,+5.70,107.2,101.5,-3.54
78,Georgia,SEC,20-14,+9.40,109.0,99.6,62.8,+.033,+5.06,107.2,102.2,-3.80
79,UNLV,MWC,20-13,+9.15,108.2,99.0,65.2,-.048,+0.46,105.5,105.0,-7.31
80,Texas Tech,B12,14-18,+9.01,111.4,102.4,59.9,-.053,+9.58,110.7,101.1,-2.67
Rk,Team,Conf,W-L,NetRtg,ORtg,DRtg,AdjT,Luck,NetRtg,ORtg,DRtg,NetRtg
81,Penn St.,B10,16-18,+9.00,110.3,101.3,64.4,-.049,+7.64,107.7,100.1,-2.52
82,Tulsa,CUSA,21-13,+8.93,106.1,97.2,66.8,-.023,+0.57,104.9,104.3,+2.81
83,Mississippi,SEC,19-14,+8.87,111.2,102.3,68.1,-.006,+5.13,106.5,101.3,-0.73
84,St. Bonaventure,A10,18-15,+8.75,111.2,102.4,65.8,-.066,+4.20,106.9,102.7,-2.38
85,Cleveland St.,Horz,21-12,+8.67,110.6,102.0,62.4,-.052,+0.62,105.4,104.8,+1.70
86,Alabama,SEC,13-19,+8.54,107.8,99.2,62.0,-.091,+9.14,110.3,101.2,+5.93
87,Mercer,ASun,27-9,+8.34,110.8,102.4,63.6,+.022,-4.44,103.6,108.0,+4.65
88,San Francisco,WCC,21-12,+8.26,112.5,104.3,63.6,+.051,+4.01,108.0,104.0,-0.10
89,Middle Tennessee,CUSA,24-9,+8.24,105.3,97.0,62.6,+.047,-1.84,103.3,105.1,-2.15
90,UC Irvine,BW,23-12,+8.16,103.9,95.7,62.8,-.020,-1.07,105.9,107.0,+1.82
91,Richmond,A10,19-14,+7.99,105.3,97.3,61.8,+.026,+4.95,107.5,102.5,-0.29
92,North Carolina Central,MEAC,28-6,+7.98,108.6,100.7,62.3,+.040,-10.35,98.1,108.5,-1.94
93,Purdue,B10,15-17,+7.89,108.4,100.5,67.2,-.040,+7.85,108.7,100.8,-5.95
94,Seton Hall,BE,17-17,+7.86,108.8,100.9,64.2,-.060,+4.73,108.3,103.6,-9.12
95,Northern Iowa,MVC,16-15,+7.86,113.0,105.1,64.1,-.080,+3.43,106.1,102.7,+8.35
96,Notre Dame,ACC,15-17,+7.70,113.5,105.8,62.7,-.063,+6.52,108.7,102.2,-2.88
97,Belmont,OVC,26-10,+7.10,113.9,106.8,67.7,+.058,-1.37,104.9,106.3,+5.34
98,Washington,P12,17-15,+6.78,111.8,105.0,66.7,+.037,+5.92,107.9,102.0,-4.23
99,Butler,BE,14-17,+6.74,106.0,99.3,61.9,-.056,+6.79,108.8,102.0,-3.05
100,Princeton,Ivy,21-9,+6.46,106.4,99.9,63.2,+.014,-2.05,104.1,106.2,-2.68
101,Buffalo,MAC,19-10,+6.36,109.7,103.4,66.6,-.033,-2.39,101.7,104.1,-1.24
102,UC Santa Barbara,BW,21-9,+6.25,110.6,104.4,62.1,+.056,-0.35,104.8,105.2,+5.07
103,UTEP,CUSA,23-11,+6.02,105.3,99.3,63.0,+.015,-2.23,104.1,106.3,-0.40
104,Toledo,MAC,27-7,+5.97,115.0,109.1,67.0,+.111,-1.65,102.7,104.4,-1.68
105,La Salle,A10,15-16,+5.88,106.3,100.4,62.7,+.002,+5.92,108.0,102.1,+2.37
106,Delaware,CAA,25-10,+5.83,112.0,106.2,70.4,+.064,-0.68,105.2,105.9,+2.88
107,Oregon St.,P12,16-16,+5.81,112.5,106.7,65.5,+.005,+5.78,108.6,102.8,-4.96
108,Indiana St.,MVC,23-11,+5.61,106.8,101.2,65.3,+.082,+1.65,106.0,104.4,+0.23
109,Vanderbilt,SEC,15-16,+5.49,104.1,98.6,61.9,+.019,+6.14,107.6,101.4,-0.88
110,Texas A&M,SEC,18-16,+5.41,101.4,95.9,61.8,-.013,+2.04,105.5,103.5,-10.94
111,Portland,WCC,15-16,+5.40,109.2,103.8,64.9,-.110,+0.79,106.3,105.5,-8.19
112,South Carolina,SEC,14-20,+5.30,107.5,102.2,65.4,-.052,+7.36,108.3,100.9,+0.34
113,Louisiana Lafayette,SB,23-12,+5.19,110.2,105.0,68.5,+.038,-0.57,105.0,105.6,+4.65
114,Georgia Tech,ACC,16-17,+5.17,104.8,99.6,64.2,-.002,+6.28,108.5,102.2,-5.68
115,Rhode Island,A10,14-18,+5.06,104.4,99.3,64.1,-.067,+4.82,106.8,102.0,-2.59
116,Fresno St.,MWC,21-18,+5.05,110.2,105.2,65.7,+.013,+3.86,106.2,102.3,+5.20
117,Wake Forest,ACC,17-16,+4.99,106.6,101.6,66.4,+.059,+7.26,109.5,102.2,-6.16
118,Wyoming,MWC,18-15,+4.99,105.5,100.5,59.4,-.053,+1.70,106.0,104.3,-4.87
119,Columbia,Ivy,21-13,+4.67,107.6,103.0,59.9,-.013,-2.35,103.2,105.5,-3.07
120,American,Pat,20-13,+4.57,103.4,98.9,59.7,+.007,-2.59,103.6,106.2,-0.10
Rk,Team,Conf,W-L,NetRtg,ORtg,DRtg,AdjT,Luck,NetRtg,ORtg,DRtg,NetRtg
121,Utah St.,MWC,18-14,+4.48,109.8,105.3,62.2,+.009,+1.99,105.8,103.8,-5.53
122,Auburn,SEC,14-16,+4.39,109.8,105.4,66.0,-.025,+4.61,106.8,102.2,-7.93
123,Davidson,SC,20-13,+4.18,113.3,109.1,66.1,-.013,-4.71,102.4,107.1,+8.01
124,Canisius,MAAC,21-13,+4.14,112.5,108.3,65.3,+.022,-1.19,104.9,106.1,+1.69
125,Eastern Kentucky,OVC,24-10,+3.96,112.4,108.4,64.2,+.036,-4.97,104.1,109.0,-5.04
126,Boston University,Pat,24-11,+3.82,106.3,102.5,65.1,+.077,-2.58,103.4,106.0,+3.22
127,Ohio,MAC,25-12,+3.76,106.5,102.7,64.3,+.035,-2.00,103.1,105.1,-1.10
128,Colorado St.,MWC,16-16,+3.51,110.5,107.0,64.9,-.073,+0.84,105.4,104.6,-7.23
129,Drexel,CAA,16-14,+3.47,105.2,101.8,62.4,-.032,+0.37,105.7,105.4,+6.42
130,Towson,CAA,25-11,+3.45,110.6,107.2,63.9,+.080,-3.45,103.7,107.1,-4.90
131,Western Michigan,MAC,23-10,+3.36,106.3,103.0,65.2,+.098,-1.86,103.9,105.7,-3.25
132,Houston,Amer,17-16,+3.35,111.1,107.7,65.4,+.057,+4.37,105.9,101.5,-9.04
133,Wright St.,Horz,21-15,+3.35,100.4,97.1,63.4,-.062,-2.58,103.9,106.5,-7.41
134,Northwestern,B10,14-19,+3.33,98.3,94.9,59.9,+.033,+9.51,110.2,100.7,-3.83
135,Murray St.,OVC,23-11,+3.23,109.0,105.8,66.2,+.032,-4.46,104.3,108.8,+2.86
136,Eastern Michigan,MAC,22-15,+3.17,98.5,95.3,63.0,+.019,+0.36,105.4,105.0,+8.94
137,Hawaii,BW,20-11,+3.03,111.0,108.0,66.9,-.045,-3.89,104.0,107.9,-4.32
138,San Diego,WCC,18-17,+2.98,105.4,102.5,61.7,-.020,+2.08,107.3,105.3,-4.75
139,Denver,Sum,16-15,+2.86,110.6,107.7,57.8,-.030,+0.32,105.3,105.0,+3.83
140,South Dakota St.,Sum,19-13,+2.77,107.0,104.2,65.5,-.003,-1.49,104.7,106.2,+1.45
141,George Mason,A10,11-20,+2.67,105.8,103.2,65.0,-.036,+5.64,107.7,102.1,+1.77
142,Boston College,ACC,8-24,+2.44,114.3,111.8,61.2,-.073,+10.29,109.8,99.5,+8.59
143,Nevada,MWC,15-17,+2.21,109.5,107.3,63.4,+.027,+3.20,107.3,104.1,+1.31
144,Long Beach St.,BW,15-17,+2.17,104.9,102.7,64.6,-.023,+2.95,107.3,104.4,+13.73
145,Akron,MAC,21-13,+2.10,105.0,102.9,64.0,+.073,-0.80,103.7,104.5,+0.10
146,IPFW,Sum,25-11,+2.08,110.1,108.0,65.7,+.062,-3.63,103.2,106.8,-4.90
147,Illinois St.,MVC,18-16,+1.98,101.9,99.9,66.7,+.029,+1.34,105.5,104.1,+2.30
148,Pacific,WCC,18-16,+1.98,109.5,107.5,66.1,+.057,+3.53,107.8,104.3,+1.32
149,Quinnipiac,MAAC,20-12,+1.89,111.3,109.4,68.3,+.055,-1.69,103.7,105.3,-1.31
150,Temple,Amer,9-22,+1.68,110.7,109.1,66.3,-.078,+7.08,108.4,101.3,+2.40
151,USC,P12,11-21,+1.53,103.5,102.0,68.4,-.014,+8.70,109.7,101.0,-0.45
152,Duquesne,A10,13-17,+1.53,110.6,109.0,66.5,-.053,+1.68,104.4,102.7,-9.59
153,Yale,Ivy,19-14,+1.29,102.8,101.5,63.5,+.080,+0.85,105.6,104.7,+1.83
154,Santa Clara,WCC,14-19,+1.18,107.3,106.1,63.8,-.043,+3.18,107.6,104.5,-3.87
155,UCF,Amer,13-18,+1.05,107.1,106.1,66.3,-.047,+5.55,107.4,101.9,-8.88
156,UAB,CUSA,18-13,+1.02,104.1,103.1,66.8,-.009,-1.94,102.8,104.7,-3.02
157,Missouri St.,MVC,20-13,+1.01,106.5,105.5,63.0,+.114,+0.73,104.8,104.0,-2.81
158,Holy Cross,Pat,20-14,+0.98,104.5,103.5,62.7,+.027,-2.60,103.1,105.7,+0.54
159,Pepperdine,WCC,15-16,+0.93,107.8,106.9,64.9,+.025,+2.95,107.1,104.2,-3.98
160,Bucknell,Pat,16-14,+0.91,103.0,102.1,62.9,-.042,-2.59,103.4,106.0,+2.46
Rk,Team,Conf,W-L,NetRtg,ORtg,DRtg,AdjT,Luck,NetRtg,ORtg,DRtg,NetRtg
161,Arkansas St.,SB,19-13,+0.59,106.6,106.0,66.6,+.003,-3.49,103.0,106.5,-4.87
162,Brown,Ivy,15-14,+0.59,101.1,100.5,68.3,-.118,-3.89,102.2,106.1,-6.73
163,Valparaiso,Horz,18-16,+0.50,104.2,103.7,63.4,-.028,-0.48,104.5,105.0,+0.15
164,Siena,MAAC,20-18,+0.33,101.6,101.3,64.6,+.041,-0.36,105.8,106.2,+2.95
165,Southern Illinois,MVC,14-19,+0.17,106.1,106.0,61.5,-.061,+0.30,104.9,104.6,-2.86
166,William & Mary,CAA,20-12,+0.12,112.6,112.4,63.5,+.095,-2.05,103.4,105.4,-1.89
167,USC Upstate,ASun,19-15,+0.10,105.0,104.9,64.2,-.059,-5.48,103.1,108.6,+1.74
168,Milwaukee,Horz,21-14,+0.08,104.7,104.6,65.8,+.119,+0.03,104.4,104.4,-2.92
169,Stony Brook,AE,23-11,+0.00,105.4,105.4,64.4,+.015,-7.84,99.6,107.4,-2.03
170,Rutgers,Amer,12-21,-0.37,106.5,106.9,66.4,-.012,+4.95,107.3,102.4,-5.41
171,Charlotte,CUSA,17-14,-0.54,102.7,103.2,67.5,+.046,-2.15,103.1,105.3,-2.97
172,Weber St.,BSky,19-12,-0.62,106.4,107.0,62.9,-.009,-6.78,103.3,110.0,+6.69
173,Robert Morris,NEC,22-14,-0.65,105.8,106.5,64.2,+.093,-2.90,104.7,107.6,+5.14
174,Virginia Tech,ACC,9-22,-0.68,100.1,100.8,62.3,-.080,+6.13,108.8,102.6,-7.09
175,Old Dominion,CUSA,18-18,-0.72,100.7,101.4,62.5,+.005,-1.37,103.6,105.0,-0.55
176,Cal Poly,BW,14-20,-0.82,103.6,104.4,58.8,-.044,+2.38,107.4,105.0,+10.19
177,Nebraska Omaha,Sum,17-15,-0.86,104.5,105.4,72.2,-.053,-2.51,104.2,106.7,-1.98
178,Loyola Marymount,WCC,13-19,-0.94,105.7,106.6,67.8,+.048,+4.78,108.4,103.6,+0.92
179,Western Kentucky,SB,20-12,-0.97,101.1,102.1,64.4,+.113,-2.27,103.8,106.1,-1.14
180,Morehead St.,OVC,20-14,-1.02,102.9,103.9,67.5,+.038,-3.13,104.6,107.7,+1.03
181,Albany,AE,19-15,-1.04,102.9,103.9,61.6,+.002,-5.12,101.5,106.6,+0.91
182,Florida Gulf Coast,ASun,22-13,-1.08,100.0,101.1,66.2,+.011,-7.17,102.6,109.8,-2.98
183,DePaul,BE,12-21,-1.19,106.1,107.3,65.6,+.032,+8.44,109.5,101.0,-0.75
184,Colgate,Pat,13-18,-1.28,108.5,109.7,62.4,-.149,-4.06,102.3,106.3,-2.64
185,Northwestern St.,Slnd,17-14,-1.31,108.6,109.9,74.2,-.019,-4.75,103.1,107.9,+10.12
186,Youngstown St.,Horz,15-17,-1.33,107.9,109.3,66.0,-.053,-0.58,104.6,105.2,-2.59
187,Drake,MVC,15-16,-1.46,105.0,106.5,62.9,+.024,+0.86,105.7,104.8,-0.03
188,Oral Roberts,Slnd,17-16,-1.53,108.0,109.6,62.8,-.058,-4.70,102.4,107.1,+10.43
189,Wagner,NEC,19-12,-1.70,98.6,100.3,66.6,+.016,-6.85,102.6,109.5,-0.25
190,Washington St.,P12,10-21,-1.84,101.7,103.6,60.5,-.042,+7.58,108.9,101.3,-3.55
191,South Florida,Amer,12-20,-1.90,102.4,104.3,63.9,+.018,+3.85,106.3,102.4,-6.07
192,Wofford,SC,20-13,-1.94,100.6,102.6,60.5,+.025,-5.87,103.5,109.3,+7.63
193,Kent St.,MAC,16-16,-2.11,104.1,106.2,64.7,-.022,-2.78,102.3,105.0,-4.36
194,Oakland,Horz,13-20,-2.16,109.9,112.0,67.1,+.025,+3.70,105.8,102.1,+9.47
195,Detroit,Horz,13-19,-2.23,101.4,103.6,66.0,-.048,+0.88,105.5,104.6,+1.00
196,Bryant,NEC,18-14,-2.54,106.0,108.5,65.3,+.029,-4.92,102.2,107.1,+2.74
197,Sam Houston St.,Slnd,24-11,-2.57,105.8,108.4,64.5,+.073,-8.37,101.3,109.7,-4.04
198,Southern,SWAC,19-13,-2.58,97.6,100.2,65.6,-.035,-9.63,99.2,108.8,+12.66
199,St. Francis NY,NEC,18-14,-2.65,98.9,101.5,65.0,+.006,-5.57,103.4,109.0,+0.23
200,College of Charleston,CAA,14-18,-2.83,98.1,100.9,60.7,-.067,-2.86,104.1,107.0,-3.27
Rk,Team,Conf,W-L,NetRtg,ORtg,DRtg,AdjT,Luck,NetRtg,ORtg,DRtg,NetRtg
201,Fordham,A10,10-21,-2.86,108.8,111.7,67.5,-.035,+5.09,105.9,100.8,-3.67
202,Elon,SC,18-14,-2.95,104.6,107.5,64.4,+.033,-4.75,103.4,108.2,+5.35
203,Northeastern,CAA,11-21,-3.16,101.4,104.5,63.2,-.047,+0.26,104.9,104.7,+3.13
204,Utah Valley,WAC,20-12,-3.19,102.8,106.0,61.1,+.121,-4.50,103.1,107.6,-0.78
205,Mississippi St.,SEC,14-19,-3.35,100.3,103.6,66.8,+.032,+1.92,105.3,103.3,-14.41
206,Marist,MAAC,12-19,-3.87,101.6,105.5,64.4,-.021,-0.98,104.6,105.6,+1.81
207,Bowling Green,MAC,12-20,-3.90,93.0,96.9,65.0,-.028,-0.21,104.1,104.3,+0.10
208,Northern Illinois,MAC,15-17,-3.94,94.4,98.3,61.5,+.019,-2.38,102.9,105.2,-3.35
209,Mount St. Mary's,NEC,16-17,-3.96,107.8,111.7,68.2,+.031,-4.27,102.7,107.0,+3.09
210,VMI,BSth,22-13,-3.97,108.3,112.2,73.3,+.061,-6.32,102.9,109.2,-0.15
211,Evansville,MVC,14-19,-4.19,103.1,107.3,65.6,+.007,+1.26,105.4,104.2,-2.10
212,TCU,B12,9-22,-4.34,99.4,103.7,63.8,+.007,+10.02,110.9,100.9,-6.41
213,Hampton,MEAC,18-13,-4.38,96.4,100.8,69.7,-.000,-9.45,100.2,109.7,-2.94
214,Bradley,MVC,12-20,-4.38,100.2,104.6,62.5,-.050,-1.70,104.4,106.1,-7.33
215,UT Arlington,SB,15-17,-4.42,105.9,110.3,68.2,+.059,-0.49,104.5,104.9,+5.69
216,Montana,BSky,17-13,-4.45,107.4,111.9,59.8,+.002,-6.45,103.7,110.1,+4.97
217,Rider,MAAC,14-17,-4.52,106.9,111.4,65.4,+.041,-1.48,103.9,105.4,-1.33
218,Miami OH,MAC,13-18,-4.63,98.9,103.5,65.4,+.076,+0.26,104.6,104.4,+4.24
219,Arkansas Little Rock,SB,15-17,-4.70,101.1,105.8,66.3,+.060,-0.35,104.6,105.0,+7.34
220,Charleston Southern,BSth,13-18,-4.88,106.1,111.0,65.7,-.182,-5.51,103.3,108.8,+6.90
221,Coastal Carolina,BSth,21-13,-4.98,98.2,103.2,65.6,+.040,-8.10,102.1,110.2,-4.94
222,Dartmouth,Ivy,12-16,-4.99,103.6,108.6,62.8,-.079,-3.12,102.3,105.5,-6.84
223,Cal St. Northridge,BW,17-18,-5.10,106.3,111.4,67.5,+.029,-3.53,103.6,107.1,-6.09
224,Morgan St.,MEAC,15-16,-5.11,100.4,105.5,67.5,+.005,-5.91,101.0,106.9,+6.11
225,Cal St. Bakersfield,WAC,13-19,-5.12,100.8,105.9,63.6,-.088,-4.84,103.2,108.0,-3.13
226,Southeast Missouri St.,OVC,18-14,-5.22,108.4,113.7,69.0,-.013,-8.06,101.9,110.0,-7.82
227,Northern Colorado,BSky,18-14,-5.30,108.8,114.1,62.7,-.017,-7.90,102.0,109.9,-0.85
228,Army,Pat,15-16,-5.31,105.1,110.4,67.0,+.016,-4.44,102.3,106.7,-8.02
229,Winthrop,BSth,20-13,-5.41,103.2,108.6,64.3,+.060,-6.91,101.9,108.8,+0.45
230,Texas A&M Corpus Chris,Slnd,18-16,-5.47,105.2,110.6,60.5,+.016,-8.48,102.1,110.6,-3.28
231,FIU,CUSA,15-16,-5.48,101.4,106.9,64.7,+.054,-2.55,103.3,105.9,-2.84
232,North Texas,CUSA,16-16,-5.56,99.4,104.9,66.9,+.047,-2.74,103.0,105.8,-3.08
233,Eastern Washington,BSky,15-16,-5.56,105.7,111.3,69.0,-.028,-5.44,103.2,108.7,+6.45
234,Hartford,AE,17-16,-5.62,102.2,107.8,61.9,+.028,-6.73,100.3,107.1,-1.38
235,UNC Asheville,BSth,17-15,-5.75,106.7,112.5,69.0,+.026,-5.70,103.1,108.8,+3.00
236,Marshall,CUSA,11-22,-5.82,99.9,105.7,66.9,-.109,-1.81,103.1,104.9,-1.02
237,Western Carolina,SC,19-15,-5.82,103.7,109.5,65.6,+.028,-6.22,102.2,108.4,+1.92
238,Saint Peter's,MAAC,14-17,-5.86,98.1,103.9,60.5,+.059,-2.77,104.0,106.8,-6.58
239,East Carolina,CUSA,17-17,-5.88,106.0,111.8,63.7,+.008,-3.25,102.9,106.1,-6.45
240,Seattle,WAC,13-17,-5.95,100.4,106.3,65.3,-.065,-4.74,103.4,108.1,-3.04
Rk,Team,Conf,W-L,NetRtg,ORtg,DRtg,AdjT,Luck,NetRtg,ORtg,DRtg,NetRtg
241,Grand Canyon,WAC,15-15,-6.04,105.3,111.3,65.4,+.046,-3.21,102.4,105.6,+3.16
242,Lehigh,Pat,14-18,-6.06,98.0,104.1,64.3,+.031,-3.26,104.3,107.6,-2.97
243,East Tennessee St.,ASun,19-16,-6.16,103.5,109.6,68.6,+.018,-7.75,101.5,109.2,-5.52
244,Florida Atlantic,CUSA,10-22,-6.40,101.1,107.5,63.0,-.085,-1.01,104.4,105.4,+1.13
245,Lafayette,Pat,11-20,-6.43,109.3,115.7,64.6,-.051,-2.16,102.5,104.6,+0.63
246,Loyola Chicago,MVC,10-22,-6.47,102.2,108.7,61.9,-.073,-1.78,104.0,105.8,-8.54
247,Gardner Webb,BSth,18-15,-6.59,99.0,105.6,64.8,+.005,-7.75,102.8,110.5,-1.21
248,High Point,BSth,16-15,-6.63,106.0,112.6,62.7,+.061,-4.96,103.9,108.9,+4.54
249,Cal St. Fullerton,BW,11-20,-6.64,100.9,107.5,65.5,-.021,-1.70,104.1,105.8,-1.50
250,Troy,SB,11-20,-6.82,101.9,108.8,63.3,-.085,-2.94,102.9,105.9,-3.29
251,Louisiana Monroe,SB,10-17,-7.00,97.5,104.5,61.8,-.012,+0.70,105.7,105.0,+12.24
252,Air Force,MWC,12-18,-7.00,99.6,106.6,63.6,+.056,+0.57,105.4,104.8,-9.12
253,South Alabama,SB,11-20,-7.06,101.1,108.1,64.5,-.047,-0.08,104.1,104.2,+5.58
254,Idaho,WAC,16-18,-7.12,105.4,112.5,65.6,+.078,-4.40,103.2,107.6,-2.36
255,South Dakota,Sum,12-18,-7.13,101.7,108.9,65.5,+.024,+0.55,105.8,105.2,+3.40
256,Radford,BSth,22-13,-7.36,106.9,114.3,66.5,+.084,-8.98,101.5,110.5,-6.30
257,Penn,Ivy,8-20,-7.46,99.1,106.6,68.2,-.013,+0.58,105.4,104.8,+0.94
258,Norfolk St.,MEAC,19-15,-7.48,102.9,110.3,62.7,+.042,-7.58,100.5,108.1,-0.13
259,Texas Southern,SWAC,19-15,-7.49,106.7,114.1,65.7,-.004,-11.11,97.6,108.8,+2.72
260,Idaho St.,BSky,11-18,-7.58,104.0,111.6,63.0,-.091,-5.87,103.5,109.3,+6.90
261,Incarnate Word,Slnd,21-6,-7.59,102.7,110.3,68.7,+.015,-11.99,99.5,111.5,-1.04
262,Northern Arizona,BSky,15-17,-7.72,100.4,108.1,62.3,+.003,-5.81,103.9,109.7,+2.57
263,North Florida,ASun,16-16,-7.75,103.3,111.1,66.7,+.089,-3.74,102.3,106.1,+7.46
264,North Dakota,BSky,17-17,-7.79,104.3,112.1,67.9,+.063,-4.79,104.0,108.7,+7.80
265,Lipscomb,ASun,15-15,-8.04,103.4,111.5,68.6,+.086,-5.02,103.7,108.7,+2.26
266,Hofstra,CAA,10-23,-8.14,105.1,113.2,63.8,-.036,-2.08,103.7,105.8,-2.11
267,James Madison,CAA,11-20,-8.25,98.5,106.8,63.5,+.048,-1.09,104.1,105.2,-0.48
268,Tennessee Tech,OVC,17-16,-8.28,100.2,108.5,66.2,+.092,-4.90,103.9,108.8,-2.84
269,Monmouth,MAAC,11-21,-8.45,96.8,105.3,66.6,-.033,-2.91,103.8,106.7,-6.43
270,Niagara,MAAC,7-26,-8.75,101.9,110.7,70.6,-.025,-0.51,105.3,105.8,+0.88
271,Fairfield,MAAC,7-25,-8.84,95.6,104.5,64.5,-.019,-0.21,105.2,105.4,+2.91
272,UMKC,WAC,10-20,-8.94,98.4,107.4,68.3,+.017,-2.53,104.4,106.9,+3.16
273,UC Riverside,BW,10-21,-9.00,98.7,107.7,65.8,-.049,-3.15,103.2,106.4,-5.99
274,Western Illinois,Sum,10-20,-9.06,94.1,103.2,60.9,-.068,-1.33,105.8,107.2,-1.54
275,Illinois Chicago,Horz,6-25,-9.07,100.4,109.5,64.5,-.113,+1.30,105.0,103.7,+0.88
276,Sacramento St.,BSky,14-16,-9.33,103.4,112.8,62.8,-.008,-7.04,102.6,109.6,+1.19
277,Texas St.,SB,8-23,-9.41,94.9,104.3,61.1,-.114,-1.35,105.3,106.7,+0.76
278,Portland St.,BSky,17-15,-9.47,102.3,111.7,64.9,+.063,-8.07,102.8,110.9,-6.33
279,Chattanooga,SC,18-15,-9.48,100.6,110.1,66.8,+.054,-9.02,101.1,110.2,-3.00
280,UNC Wilmington,CAA,9-23,-9.67,96.0,105.7,62.2,-.043,+0.03,106.1,106.1,+3.52
Rk,Team,Conf,W-L,NetRtg,ORtg,DRtg,AdjT,Luck,NetRtg,ORtg,DRtg,NetRtg
281,Savannah St.,MEAC,13-19,-9.93,91.7,101.6,63.0,-.038,-6.57,101.3,107.9,+8.62
282,Fairleigh Dickinson,NEC,10-21,-10.57,102.2,112.8,65.0,-.017,-3.00,103.7,106.7,+4.97
283,Liberty,BSth,11-21,-11.25,101.3,112.6,62.8,-.129,-7.85,102.4,110.2,-3.44
284,Chicago St.,WAC,13-19,-11.26,98.1,109.4,67.8,+.069,-2.57,103.3,105.9,+2.79
285,Tulane,CUSA,17-17,-11.41,99.7,111.1,61.9,+.143,-3.78,102.1,105.9,-8.80
286,Central Michigan,MAC,10-21,-11.43,106.3,117.7,63.7,+.004,-3.18,102.0,105.2,-7.84
287,Austin Peay,OVC,12-18,-11.64,99.6,111.2,68.9,+.012,-6.73,103.9,110.6,-5.37
288,Tennessee St.,OVC,5-25,-11.71,101.9,113.6,63.2,-.050,-1.30,105.3,106.6,+4.89
289,San Jose St.,MWC,7-24,-11.75,94.5,106.3,64.1,-.004,+3.90,107.6,103.7,-0.32
290,SIU Edwardsville,OVC,11-20,-11.94,100.6,112.5,65.4,-.004,-6.21,103.6,109.8,-3.76
291,Georgia Southern,SC,15-19,-12.09,98.3,110.4,64.8,-.040,-9.45,100.6,110.1,-5.55
292,Loyola MD,Pat,11-19,-12.17,97.1,109.3,64.6,+.063,-2.84,103.7,106.5,-0.51
293,Coppin St.,MEAC,12-20,-12.31,100.3,112.6,66.8,+.007,-5.44,101.4,106.8,+6.86
294,Jackson St.,SWAC,11-20,-12.63,93.7,106.3,65.0,-.043,-9.04,99.7,108.7,+3.89
295,Texas Pan American,WAC,9-23,-12.80,93.7,106.5,64.1,-.032,-4.72,103.1,107.8,-3.62
296,Ball St.,MAC,5-25,-13.09,96.5,109.6,65.9,-.022,+1.59,105.1,103.5,+4.95
297,Florida A&M,MEAC,14-18,-13.19,94.9,108.1,70.0,+.050,-8.01,99.8,107.9,-0.98
298,Alabama St.,SWAC,19-13,-13.22,97.3,110.5,65.9,+.096,-12.01,97.5,109.5,-4.44
299,Rice,CUSA,7-23,-13.23,94.7,107.9,62.4,-.007,-0.68,103.9,104.5,-0.46
300,Eastern Illinois,OVC,11-19,-13.28,98.7,112.0,64.2,+.030,-4.08,104.1,108.2,+1.26
301,Sacred Heart,NEC,5-26,-13.40,99.3,112.7,65.9,-.093,-4.78,102.8,107.6,-2.22
302,Montana St.,BSky,14-17,-13.51,95.0,108.5,63.9,+.056,-7.16,103.3,110.5,-2.84
303,Jacksonville,ASun,12-18,-13.55,103.2,116.8,67.8,+.028,-5.75,102.2,108.0,-1.35
304,Nicholls St.,Slnd,14-15,-13.64,98.0,111.6,63.6,+.109,-8.13,101.6,109.7,+3.55
305,Central Connecticut,NEC,11-19,-13.65,97.4,111.1,68.4,+.071,-5.85,101.2,107.1,-2.52
306,Alabama A&M,SWAC,14-16,-13.83,92.0,105.8,64.3,+.025,-10.94,98.7,109.7,+4.90
307,NJIT,ind,13-16,-13.86,96.6,110.5,66.5,+.055,-7.49,101.4,108.9,-7.49
308,Navy,Pat,9-21,-13.87,93.0,106.8,61.8,-.028,-4.77,102.8,107.6,-9.47
309,Jacksonville St.,OVC,10-21,-14.04,98.2,112.3,60.6,-.015,-4.94,103.8,108.7,-4.39
310,McNeese St.,Slnd,11-20,-14.07,97.9,112.0,65.8,+.041,-3.04,103.7,106.8,+15.05
311,Northern Kentucky,ASun,9-21,-14.08,102.7,116.8,61.1,-.044,-6.64,101.8,108.4,-3.69
312,Southeastern Louisiana,Slnd,12-18,-14.15,98.7,112.8,63.2,+.003,-8.51,101.0,109.5,+0.22
313,UTSA,CUSA,8-22,-14.68,100.9,115.6,66.5,+.000,-1.79,103.2,105.0,-3.21
314,St. Francis PA,NEC,10-21,-14.76,96.4,111.1,61.1,+.038,-4.54,103.4,107.9,-1.38
315,UNC Greensboro,SC,14-18,-15.00,93.9,108.9,68.8,+.068,-7.50,101.8,109.3,-1.74
316,UC Davis,BW,9-22,-15.16,101.3,116.4,64.8,+.035,-2.72,103.9,106.6,-4.98
317,New Orleans,Slnd,11-15,-15.25,96.1,111.4,70.1,+.065,-5.98,102.9,108.9,+14.17
318,Tennessee Martin,OVC,8-23,-15.40,103.2,118.6,67.4,-.065,-5.80,103.3,109.1,-3.45
319,LIU Brooklyn,NEC,9-20,-15.55,103.0,118.6,66.4,+.077,-4.62,102.1,106.7,-1.58
320,Delaware St.,MEAC,9-21,-15.63,97.1,112.7,58.3,-.063,-7.65,99.8,107.4,+4.94
Rk,Team,Conf,W-L,NetRtg,ORtg,DRtg,AdjT,Luck,NetRtg,ORtg,DRtg,NetRtg
321,Samford,SC,13-20,-15.64,100.9,116.6,65.3,+.011,-7.46,101.4,108.8,-1.70
322,UMass Lowell,AE,10-18,-16.04,95.3,111.4,62.7,+.063,-4.17,101.7,105.9,+4.91
323,UMBC,AE,9-21,-16.07,92.6,108.7,66.6,-.003,-6.55,100.7,107.2,-2.57
324,Alcorn St.,SWAC,12-19,-16.47,93.4,109.8,62.0,-.013,-9.32,99.5,108.9,+6.45
325,Prairie View A&M,SWAC,11-23,-16.86,96.1,113.0,65.9,+.005,-8.28,100.0,108.3,+8.77
326,Arkansas Pine Bluff,SWAC,13-18,-17.01,91.7,108.7,65.0,+.089,-7.26,100.4,107.7,+12.22
327,Campbell,BSth,12-20,-17.42,98.5,115.9,61.9,+.059,-7.63,102.6,110.3,-3.55
328,New Hampshire,AE,6-24,-17.67,88.7,106.4,61.2,-.086,-5.82,101.3,107.2,-1.75
329,Central Arkansas,Slnd,8-21,-17.82,95.3,113.1,70.7,-.009,-5.95,102.8,108.8,+0.51
330,IUPUI,Sum,6-26,-18.16,96.2,114.3,64.2,-.037,-0.74,105.3,106.0,-1.15
331,Appalachian St.,SC,9-21,-18.63,92.0,110.7,64.7,-.033,-7.65,102.0,109.7,+3.40
332,Howard,MEAC,8-25,-18.88,87.7,106.6,65.9,-.027,-4.05,102.8,106.8,+5.44
333,Binghamton,AE,7-23,-19.39,91.7,111.1,64.2,-.018,-6.61,100.9,107.5,-2.77
334,North Carolina A&T,MEAC,9-23,-19.56,93.7,113.3,65.3,+.036,-7.64,99.4,107.1,+0.24
335,Stetson,ASun,7-24,-20.02,94.5,114.5,61.3,+.032,-5.38,102.7,108.0,-2.40
336,Maryland Eastern Shore,MEAC,6-24,-20.22,99.1,119.3,65.1,-.036,-7.27,99.8,107.1,+0.93
337,Bethune Cookman,MEAC,7-25,-20.31,96.5,116.8,60.7,-.061,-6.73,100.4,107.1,+0.62
338,Kennesaw St.,ASun,6-25,-20.32,92.0,112.3,66.0,+.003,-4.51,103.5,108.1,+0.88
339,Maine,AE,6-23,-20.55,95.5,116.0,73.0,+.010,-5.16,101.1,106.2,+1.03
340,Cornell,Ivy,2-26,-20.58,100.4,120.9,63.6,-.048,+1.40,104.9,103.5,+1.19
341,Houston Baptist,Slnd,6-25,-20.66,91.5,112.2,67.6,-.038,-5.56,103.2,108.8,+4.52
342,Furman,SC,9-21,-20.69,94.9,115.6,63.7,-.002,-8.06,101.1,109.2,-2.87
343,Lamar,Slnd,4-26,-20.71,93.1,113.8,66.5,-.034,-6.51,102.4,108.9,-1.96
344,South Carolina St.,MEAC,9-21,-21.14,91.5,112.7,64.6,+.042,-6.65,100.2,106.9,+2.17
345,The Citadel,SC,7-26,-22.24,96.3,118.5,63.5,-.046,-6.98,101.5,108.5,-0.59
346,Longwood,BSth,8-24,-22.88,95.6,118.5,66.6,-.043,-5.57,103.4,108.9,+2.38
347,Mississippi Valley St.,SWAC,9-23,-22.93,93.0,115.9,70.9,+.012,-8.65,98.8,107.4,+6.21
348,Abilene Christian,Slnd,11-20,-23.35,94.0,117.3,63.2,-.045,-2.67,104.7,107.4,+13.38
349,Presbyterian,BSth,6-26,-25.87,94.2,120.0,63.5,-.017,-7.84,101.7,109.6,-7.05
350,Grambling St.,SWAC,5-24,-26.60,95.5,122.1,66.0,-.017,-9.05,98.7,107.8,+6.51
351,Southern Utah,BSky,2-27,-27.14,87.4,114.6,64.2,-.049,-4.02,104.7,108.7,+7.40
